,RandomForest,XGBoost,SVM
feature_0,0.021864450161187834,0.0016707888783594645,0.0005466748520407893
feature_1,0.014971611080078879,0.003306374929557726,0.0018269382620962047
feature_2,0.019924702949084928,0.006977446910988043,0.028299644956254522
feature_3,0.04651473962853174,0.007416256746480046,0.018205661210910662
feature_4,0.04227681512332446,0.013201580561910094,0.05442728122039921
feature_5,0.03816250438901019,0.006005472627040133,0.001327522107375378
feature_6,0.09628830562840499,0.4593633449568463,0.008932666735084381
feature_7,0.03490524196550427,0.01644370611184345,0.12599980854442167
feature_8,0.0502969860098201,0.001749041972663714,0.0004153091941944684
feature_9,0.03841783619227737,0.002703768279927949,0.0855557083125256
feature_10,0.01099772205850422,0.008377327106345723,0.014882922278488137
feature_11,0.01069446758985398,0.004259999133033029,0.026767387840359796
feature_12,0.024045540916958975,0.00287285407466557,0.00047666742243174806
feature_13,0.030686444034688117,0.0024459947369393866,2.3946585162557624e-05
feature_14,0.011752878787637764,0.0010884870387597003,0.0002595037911582526
feature_15,0.01373800754256257,0.001232563913410991,0.00029431154780103295
feature_16,0.008305654545907693,0.013026885877286476,0.007966938968316883
feature_17,0.005406705199624127,0.0008191638741431855,5.7471856069942296e-05
feature_18,0.005288026662788034,0.0006593985805782018,9.359531694825397e-05
feature_19,0.0018699981483438174,0.0,0.007204397881090257
feature_20,0.027929777164551507,0.014582587506368688,0.002429829658733947
feature_21,0.025728752808274753,0.02160075370064367,0.004935121434370718
feature_22,0.021761752741967674,0.0007545090199759969,0.000878086339357288
feature_23,0.045751635287848896,0.013636225988747013,0.0005679834479103376
feature_24,0.033376724684330374,0.006375318495473079,0.016045296142500443
feature_25,0.0016462293818459272,0.005693019043336061,0.0007512891659140805
feature_26,0.0036953321640479605,0.004173888121368569,7.881813509273215e-06
feature_27,0.023285708523511736,0.005631777602625646,0.0027768866075815503
feature_28,0.06521947495628015,0.07295556695762206,0.01309070787926515
feature_29,0.009849762235927751,0.001394447209012938,0.0013878106668670704
feature_30,0.010916448996490578,0.0027360092686400123,0.01191818243376981
feature_31,0.0322268512779319,0.03337012041189313,0.0005686089980665016
feature_32,0.031044388752283946,0.01415653352979301,0.010311915094665247
feature_33,0.00018721841790614904,0.0014507924543969675,0.0010378762518683205
feature_34,0.0002337185296002917,0.0,0.0013721612373276606
feature_35,0.0017941386375112853,0.002789937499250005,0.000516677135109268
feature_36,0.007840604793339864,0.001055167578567689,0.00015445982934830804
feature_37,0.03610222236957837,0.015606603627159205,0.008431787292149917
feature_38,0.004128490496761502,0.021472296385247135,0.0034342034402790158
feature_39,3.5494462961984925e-06,0.0,0.002365982568676455
feature_40,6.553866341044278e-07,0.0,0.002258346128407787
feature_41,4.7146867175514525e-07,0.0,0.002338833579537914
feature_42,3.240160227842831e-05,0.0,0.004221789194477632
feature_43,7.500220893454359e-07,0.0,0.0021105630632694806
feature_44,2.6789037931401767e-06,0.0,0.0024784488817681887
feature_45,0.0066941891460426586,0.04000971610835334,0.0024820813587509965
feature_46,4.959426402144237e-07,0.0,0.002292966804832084
feature_47,1.4810737384311083e-06,0.0,0.0021406973749744135
feature_48,7.02088959515392e-06,0.0,0.0025367921097013972
feature_49,8.664720535458197e-07,0.0,0.0024360754886666564
feature_50,1.1315128766166277e-05,0.0,0.002042089981011349
feature_51,2.2978630381741203e-06,0.0,0.002373239738124108
feature_52,5.376409027113455e-06,0.0,0.00233057523133601
feature_53,1.912106323744331e-06,0.0,0.002416995848895575
feature_54,1.7548715665107032e-06,0.0,0.0024349287579386657
feature_55,1.5964355084224593e-06,0.0,0.0025177657443159218
feature_56,6.397379775241172e-07,0.0,0.0024972582377891747
feature_57,1.8434975624249645e-07,0.0,0.0024636933340577414
feature_58,7.13650487012234e-07,0.0,0.00240464956762895
feature_59,3.791955444388689e-06,0.0,0.0022208301414894816
feature_60,2.6313082700530326e-06,0.0,0.0022951558937683073
feature_61,1.0717625781527144e-06,0.0,0.002468402480593506
feature_62,2.256803522494313e-06,0.0,0.0020713264545080563
feature_63,2.1446582101607808e-07,0.0,0.002556127615432063
feature_64,1.4904010027340246e-06,0.0,0.0021399218298063434
feature_65,3.046580171579161e-07,0.0,0.0022498379807877143
feature_66,1.2328274496172442e-06,0.0,0.0023268218107009436
feature_67,8.303535452913471e-07,0.0,0.002482420164932915
feature_68,1.5131057775925631e-06,0.0,0.002373562419017169
feature_69,5.705062162834829e-06,0.0,0.002175581497877395
feature_70,3.1050443859124105e-07,0.0,0.0021836085952982344
feature_71,3.656965006049019e-05,0.0,0.005266669498011312
feature_72,1.1668707321593308e-06,0.0,0.00243995540831451
feature_73,8.491313807031018e-06,0.0,0.0025251961420829213
feature_74,1.1898684353838906e-06,0.0,0.0023188160873085493
feature_75,9.351004836358153e-07,0.0,0.0023446807958243266
feature_76,5.348478795118244e-05,0.0,0.0003213103312570925
feature_77,3.068298995841327e-06,0.0,0.0022887456697192974
feature_78,3.294636227740366e-06,0.0,0.002300160919850642
feature_79,2.1985478716641855e-06,0.0,0.0023845359307595863
feature_80,1.594560116527721e-06,0.0,0.002239027713344426
feature_81,0.0004044845891254994,0.003066532604737707,0.0001416851662886375
feature_82,1.5084575422223228e-06,0.0,0.002195750435180062
feature_83,9.740383988585823e-06,0.0,0.0023779284753964822
feature_84,9.346066572122618e-06,0.0,0.0021314416452319876
feature_85,8.078409860106595e-07,0.0,0.002388774948038451
feature_86,1.7193459278297775e-06,0.0,0.0025146541905244316
feature_87,2.2980889583237034e-06,0.0,0.0023798605470522444
feature_88,2.169261120124696e-06,0.0,0.002492707447583145
feature_89,4.535924248090667e-06,0.0,0.002073097439601336
feature_90,5.452960174367534e-07,0.0,0.0024313022427883816
feature_91,0.00013473892227632925,0.0021571878977185727,0.003229449911032737
feature_92,2.7836392273983384e-06,0.0,0.0023325572446556576
feature_93,9.132375203888305e-07,0.0,0.0023565568897866923
feature_94,1.8087888978888501e-06,0.0,0.0023077480557128433
feature_95,5.525901243427367e-07,0.0,0.002421354124292233
feature_96,1.1065368766592037e-06,0.0,0.002501202860548051
feature_97,1.8199984225680643e-06,0.0,0.002379150962273447
feature_98,1.7649052372849133e-07,0.0,0.002170617120332756
feature_99,2.1904866832291996e-06,0.0,0.002508895863404856
feature_100,1.9921859290898607e-06,0.0,0.002449104549735759
feature_101,7.316517117296182e-07,0.0,0.002418724665643059
feature_102,9.337290058522966e-07,0.0,0.002228959826781917
feature_103,2.2352007449023954e-06,0.0,0.0023882733297152688
feature_104,1.6966872216452764e-06,0.0,0.0023586989537904197
feature_105,2.7496018166883275e-06,0.0,0.002368063602105121
feature_106,3.957988882112215e-06,0.0,0.0023477764243949395
feature_107,4.328957713821323e-06,0.0,0.002383656003748719
feature_108,2.2552179001203246e-06,0.0,0.0024389937175199523
feature_109,8.603914516785078e-07,0.0,0.0022999199374452023
feature_110,0.000100677027772416,0.012064366845238539,0.003704878980986306
feature_111,2.0753290775190632e-06,0.0,0.0025095388243468633
feature_112,2.3359290131961273e-05,0.0,0.002476240618007279
feature_113,2.0277031908335753e-06,0.0,0.0024632407596742716
feature_114,2.4878378243820814e-06,0.0,0.0023539193878355778
feature_115,9.290808075287001e-07,0.0,0.002543908491760836
feature_116,3.3420765087516592e-06,0.0,0.0022837319391814655
feature_117,0.0011517776071997177,0.0027183865510567303,0.012168534232255545
feature_118,5.560173613576639e-06,0.0,0.0023115509321966995
feature_119,5.1049348893209745e-05,0.0,0.003237090229005166
feature_120,2.9907785502018093e-07,0.0,0.0024475282192267644
feature_121,3.4923608526612146e-07,0.0,0.00228708842928639
feature_122,1.4030650627594625e-06,0.0,0.0022415047073822423
feature_123,2.448361075099807e-06,0.0,0.002286031749027656
feature_124,1.4018923148856146e-06,0.0,0.002320578591020147
feature_125,2.343720856220132e-06,0.0,0.002042311415199745
feature_126,2.583328878946073e-06,0.0,0.002456941098542515
feature_127,9.472049407778095e-07,0.0,0.002320944136826312
feature_128,2.5185496320497807e-06,0.0,0.0024147065409536794
feature_129,1.3192550789817194e-05,0.0,0.003500139527346222
feature_130,0.0,0.0,4.437169154136904e-05
feature_131,5.039553641197238e-05,0.0,0.0024922443707118855
feature_132,9.448179080168134e-07,0.0,0.0023617306623056923
feature_133,8.656819865908952e-07,0.0,0.0024676369896757125
feature_134,3.4073134055221307e-07,0.0,0.0023815956978531214
feature_135,3.443458558884439e-06,0.0,0.002444382337720071
feature_136,0.001298383778633808,0.0021580530963410866,0.00920346410892207
feature_137,5.726390333979915e-07,0.0,0.002246133371808782
feature_138,1.5229294146076771e-06,0.0,0.0023712521520139096
feature_139,0.00012297056914075888,0.0030286501298513917,0.0032287380716298627
feature_140,4.785586654486284e-07,0.0,0.002301740201623628
feature_141,4.194862296227033e-06,0.0,0.002383007375454479
feature_142,7.434057600898839e-07,0.0,0.0022663142203468594
feature_143,2.4735340543274644e-06,0.0,0.002373023899851802
feature_144,1.5645311367343453e-06,0.0,0.0022843273099122058
feature_145,1.3264899488427307e-06,0.0,0.002488252565939324
feature_146,1.2120095708289778e-06,0.0,0.0023119830462576003
feature_147,1.1480329075610423e-05,0.0,0.0021422633947019948
feature_148,6.579527764889253e-07,0.0,0.0022870211581097165
feature_149,9.707154538694639e-05,0.01131599052585925,0.0037658996510899975
feature_150,8.889594743316009e-05,0.011143630666797142,0.00369576956383311
feature_151,1.9785103018182348e-07,0.0,0.002395654140468531
feature_152,0.008513966277764455,0.0113802573677809,0.06763162753387103
feature_153,1.2474664585986926e-06,0.0,0.002376909627414203
feature_154,6.711586494706234e-06,0.0,0.002252472621586321
feature_155,2.035222122273329e-06,0.0,0.0023991730448845753
feature_156,1.5535345087648128e-06,0.0,0.0024373850543818877
feature_157,2.69904164604073e-07,0.0,0.0024767078683230704
feature_158,0.011706385868665296,0.0167747409768361,0.037326684641950963
feature_159,0.0034275750448355376,0.02595015281082599,0.02632837572391568
feature_160,1.156009928289187e-06,0.0,0.002198922532031388
feature_161,1.9061701737065355e-07,0.0,0.0023936554344854083
feature_162,4.002028698228685e-06,0.0,0.0025213685360010486
feature_163,3.781762889198276e-07,0.0,0.002350257329793578
feature_164,2.072726156924313e-06,0.0,0.002494789236853047
feature_165,4.4312640834114285e-07,0.0,0.0023748518202630596
feature_166,9.034333498644321e-07,0.0,0.0023632426072230594
feature_167,2.145590195982356e-06,0.0,0.0024626051771582404
feature_168,2.274538849102143e-06,0.0,0.0024345755901452105
feature_169,2.0940929809985006e-06,0.0,0.002511359779383409
feature_170,6.114484084124297e-06,0.0,0.002259172327730709
feature_171,2.85417761121668e-06,0.0,0.0022311028438823707
feature_172,0.012429242064850902,0.0046319884402493084,0.010803565476977339
feature_173,3.702402857739254e-05,0.0,0.0011295454832776855
feature_174,0.01203527864189173,0.02462911465485212,0.013691880743355027
feature_175,0.0004370683218606173,0.000926329410467501,0.0033310529796246684
feature_176,0.0006069882294266495,0.006232346052917024,0.0027429497710756267
feature_177,0.0020896544602533773,0.01327558158682692,0.0028469448751489417
feature_178,7.274102939202861e-06,0.0,0.000787819740682162
feature_179,0.00043545698310489407,0.0,0.00012825134142083346
feature_180,1.2983744820168982e-05,0.0,0.00016459120701317799
feature_181,0.0009839230203428147,0.000993351977522742,0.0024478782070804306
feature_182,8.517832386108323e-06,0.0,0.001065047147364173
feature_183,7.360688394158497e-05,0.0,0.0028653877590988372
feature_184,8.10337493755576e-06,0.0,0.0011736659682106735
feature_185,0.0,0.0,0.0002812917063924693
feature_186,0.0,0.0,0.00013173845886995473
feature_187,0.004626865475313022,0.004976321193865823,0.009931495658359765
feature_188,5.248697591690189e-05,0.0,0.00030437472278165023
feature_189,0.0026047088915069055,0.0,0.00420603852580853
feature_190,0.017585953516594737,0.0016592433894752014,0.010269934166079657
feature_191,0.0,0.0,0.0001035496746344228
feature_192,0.0025547581728238107,0.005527955630568988,0.0034786595238818756
feature_193,2.8665609357284687e-05,0.002324091370957586,0.003667384032576644
feature_194,0.0,0.0,0.0
feature_195,0.0,0.0,0.0
